{"eval/mean_reward":42.602135,"_runtime":16730,"train/entropy_loss":-10.189234,"train/learning_rate":0.001,"rollout/nusselt_obs_mean":3.4116235,"time/fps":60,"_step":2192,"train/loss":-0.108331785,"train/clip_range":0.2,"rollout/nusselt_mean":3.2047944,"train/value_loss":0.008099396,"_timestamp":1.7570359088417575e+09,"global_step":1002000,"train/clip_fraction":0.33905,"train/std":0.9479501,"train/explained_variance":0.9994389,"eval/mean_ep_length":300,"_wandb":{"runtime":16730},"train/policy_gradient_loss":-0.0034728774,"train/approx_kl":0.045246497}