{"rollout/nusselt_obs_mean":3.771965,"train/value_loss":0.009103213,"rollout/nusselt_mean":3.552495,"train/clip_range":0.2,"eval/mean_reward":13.623295,"train/explained_variance":0.99332696,"time/fps":19,"train/entropy_loss":0.24215634,"_runtime":20426,"train/learning_rate":0.001,"eval/mean_ep_length":300,"train/policy_gradient_loss":-0.009906478,"train/approx_kl":0.042910635,"_step":2932,"train/clip_fraction":0.38555557,"train/loss":-0.006812481,"_wandb":{"runtime":20426},"_timestamp":1.7569335793423905e+09,"global_step":401400,"train/std":0.25391012}